{
  "id": "1904915",
  "name": "康佳",
  "font_family": "iconfont",
  "css_prefix_text": "icon-",
  "description": "",
  "glyphs": [
    {
      "icon_id": "3619322",
      "name": "购物车",
      "font_class": "gouwuche",
      "unicode": "e602",
      "unicode_decimal": 58882
    },
    {
      "icon_id": "7365928",
      "name": "咨询",
      "font_class": "zixun",
      "unicode": "e641",
      "unicode_decimal": 58945
    },
    {
      "icon_id": "9660891",
      "name": "火箭",
      "font_class": "huojian",
      "unicode": "e60e",
      "unicode_decimal": 58894
    },
    {
      "icon_id": "11349793",
      "name": "扳手",
      "font_class": "banshou",
      "unicode": "e618",
      "unicode_decimal": 58904
    },
    {
      "icon_id": "207970",
      "name": "man",
      "font_class": "20150623095342678easyiconnet",
      "unicode": "e607",
      "unicode_decimal": 58887
    },
    {
      "icon_id": "9353574",
      "name": "耳机 (1)",
      "font_class": "erji",
      "unicode": "e61e",
      "unicode_decimal": 58910
    },
    {
      "icon_id": "978729",
      "name": "保",
      "font_class": "bao10",
      "unicode": "e630",
      "unicode_decimal": 58928
    },
    {
      "icon_id": "213282",
      "name": "冰箱",
      "font_class": "bingxiang",
      "unicode": "e693",
      "unicode_decimal": 59027
    },
    {
      "icon_id": "11972802",
      "name": "电视",
      "font_class": "dianshi",
      "unicode": "e68e",
      "unicode_decimal": 59022
    },
    {
      "icon_id": "922696",
      "name": "皇冠",
      "font_class": "huangguan",
      "unicode": "e7b1",
      "unicode_decimal": 59313
    },
    {
      "icon_id": "2351694",
      "name": "箭头",
      "font_class": "jiantou",
      "unicode": "e6c1",
      "unicode_decimal": 59073
    },
    {
      "icon_id": "6051812",
      "name": "箭头",
      "font_class": "jiantou-copy",
      "unicode": "e600",
      "unicode_decimal": 58880
    },
    {
      "icon_id": "14382224",
      "name": "商 城",
      "font_class": "shangcheng",
      "unicode": "e606",
      "unicode_decimal": 58886
    },
    {
      "icon_id": "9862359",
      "name": "大于号",
      "font_class": "dayuhao1",
      "unicode": "e601",
      "unicode_decimal": 58881
    },
    {
      "icon_id": "14080214",
      "name": "大于号",
      "font_class": "dayuhao",
      "unicode": "e60d",
      "unicode_decimal": 58893
    },
    {
      "icon_id": "108754",
      "name": "放大镜",
      "font_class": "fangdajing",
      "unicode": "e65b",
      "unicode_decimal": 58971
    },
    {
      "icon_id": "8143680",
      "name": "icon_gouwuche",
      "font_class": "icon_gouwuche",
      "unicode": "e67e",
      "unicode_decimal": 59006
    }
  ]
}
